/*
SQLyog Ultimate v11.33 (64 bit)
MySQL - 10.1.26-MariaDB : Database - db_dti
*********************************************************************
*/

/*!40101 SET NAMES utf8 */;

/*!40101 SET SQL_MODE=''*/;

/*!40014 SET @OLD_UNIQUE_CHECKS=@@UNIQUE_CHECKS, UNIQUE_CHECKS=0 */;
/*!40014 SET @OLD_FOREIGN_KEY_CHECKS=@@FOREIGN_KEY_CHECKS, FOREIGN_KEY_CHECKS=0 */;
/*!40101 SET @OLD_SQL_MODE=@@SQL_MODE, SQL_MODE='NO_AUTO_VALUE_ON_ZERO' */;
/*!40111 SET @OLD_SQL_NOTES=@@SQL_NOTES, SQL_NOTES=0 */;
CREATE DATABASE /*!32312 IF NOT EXISTS*/`db_dti` /*!40100 DEFAULT CHARACTER SET latin1 */;

USE `db_dti`;

/*Table structure for table `accountings` */

DROP TABLE IF EXISTS `accountings`;

CREATE TABLE `accountings` (
  `accounting_id` int(10) unsigned NOT NULL AUTO_INCREMENT,
  `accounting_date` date DEFAULT NULL,
  `created_at` timestamp NULL DEFAULT NULL,
  `updated_at` timestamp NULL DEFAULT NULL,
  PRIMARY KEY (`accounting_id`)
) ENGINE=InnoDB AUTO_INCREMENT=86 DEFAULT CHARSET=utf8mb4 COLLATE=utf8mb4_unicode_ci;

/*Data for the table `accountings` */

insert  into `accountings`(`accounting_id`,`accounting_date`,`created_at`,`updated_at`) values (1,NULL,'2017-12-17 20:17:28','2017-12-17 20:17:28'),(2,NULL,'2017-12-17 20:18:14','2017-12-17 20:18:14'),(3,NULL,'2017-12-17 20:18:44','2017-12-17 20:18:44'),(4,NULL,'2017-12-17 20:19:21','2017-12-17 20:19:21'),(5,'2017-12-22','2017-12-17 20:23:52','2017-12-17 20:23:52'),(6,NULL,'2017-12-17 20:27:15','2017-12-17 20:27:15'),(7,NULL,'2017-12-17 20:27:40','2017-12-17 20:27:40'),(8,NULL,'2017-12-17 20:52:37','2017-12-17 20:52:37'),(9,'2017-12-19','2017-12-18 00:44:45','2017-12-18 00:44:45'),(10,NULL,'2017-12-18 00:54:26','2017-12-18 00:54:26'),(11,NULL,'2017-12-18 00:54:27','2017-12-18 00:54:27'),(12,'2017-01-23','2017-12-18 00:54:28','2017-12-18 00:54:28'),(13,'2017-02-10','2017-12-18 00:54:28','2017-12-18 00:54:28'),(14,'2017-03-09','2017-12-18 00:54:29','2017-12-18 00:54:29'),(15,NULL,'2017-12-18 00:54:29','2017-12-18 00:54:29'),(16,NULL,'2017-12-18 00:54:30','2017-12-18 00:54:30'),(17,'2017-03-09','2017-12-18 00:54:30','2017-12-18 00:54:30'),(18,'2017-02-13','2017-12-18 00:54:30','2017-12-18 00:54:30'),(19,'2017-02-28','2017-12-18 00:54:31','2017-12-18 00:54:31'),(20,'2017-03-09','2017-12-18 00:54:31','2017-12-18 00:54:31'),(21,'2017-05-18','2017-12-18 00:54:31','2017-12-18 00:54:31'),(22,'2017-03-07','2017-12-18 00:54:32','2017-12-18 00:54:32'),(23,NULL,'2017-12-18 00:54:32','2017-12-18 00:54:32'),(24,'2017-03-23','2017-12-18 00:54:32','2017-12-18 00:54:32'),(25,'2017-01-13','2017-12-18 00:54:33','2017-12-18 00:54:33'),(26,'2017-03-07','2017-12-18 00:54:33','2017-12-18 00:54:33'),(27,NULL,'2017-12-18 00:54:33','2017-12-18 00:54:33'),(28,NULL,'2017-12-18 00:54:34','2017-12-18 00:54:34'),(29,'2017-03-07','2017-12-18 00:54:34','2017-12-18 00:54:34'),(30,'2017-03-07','2017-12-18 00:54:35','2017-12-18 00:54:35'),(31,'2017-03-20','2017-12-18 00:54:35','2017-12-18 00:54:35'),(32,'2017-02-10','2017-12-18 00:54:35','2017-12-18 00:54:35'),(33,NULL,'2017-12-18 00:54:36','2017-12-18 00:54:36'),(34,'2017-03-09','2017-12-18 00:54:36','2017-12-18 00:54:36'),(35,'2017-03-30','2017-12-18 00:54:36','2017-12-18 00:54:36'),(36,'2017-03-09','2017-12-18 00:54:37','2017-12-18 00:54:37'),(37,'2017-01-23','2017-12-18 00:54:37','2017-12-18 00:54:37'),(38,'2017-03-09','2017-12-18 00:54:38','2017-12-18 00:54:38'),(39,'2017-03-07','2017-12-18 00:54:38','2017-12-18 00:54:38'),(40,'2017-03-09','2017-12-18 00:54:38','2017-12-18 00:54:38'),(41,'2017-03-30','2017-12-18 00:54:39','2017-12-18 00:54:39'),(42,NULL,'2017-12-18 00:54:39','2017-12-18 00:54:39'),(43,'2017-02-28','2017-12-18 00:54:39','2017-12-18 00:54:39'),(44,'2017-03-09','2017-12-18 00:54:40','2017-12-18 00:54:40'),(45,NULL,'2017-12-18 00:54:40','2017-12-18 00:54:40'),(46,NULL,'2017-12-18 00:54:41','2017-12-18 00:54:41'),(47,'2017-02-18','2017-12-18 00:54:41','2017-12-18 00:54:41'),(48,NULL,'2017-12-18 00:54:41','2017-12-18 00:54:41'),(49,NULL,'2017-12-18 00:54:42','2017-12-18 00:54:42'),(50,NULL,'2017-12-18 00:54:42','2017-12-18 00:54:42'),(51,'2017-03-09','2017-12-18 00:54:42','2017-12-18 00:54:42'),(52,NULL,'2017-12-18 00:54:43','2017-12-18 00:54:43'),(53,'2017-03-09','2017-12-18 00:54:43','2017-12-18 00:54:43'),(54,'2017-03-23','2017-12-18 00:54:44','2017-12-18 00:54:44'),(55,NULL,'2017-12-18 00:54:44','2017-12-18 00:54:44'),(56,'2017-03-20','2017-12-18 00:54:44','2017-12-18 00:54:44'),(57,'2017-03-07','2017-12-18 00:54:45','2017-12-18 00:54:45'),(58,'2017-03-29','2017-12-18 00:54:45','2017-12-18 00:54:45'),(59,'2017-03-07','2017-12-18 00:54:45','2017-12-18 00:54:45'),(60,'2017-04-24','2017-12-18 00:54:46','2017-12-18 00:54:46'),(61,'2017-02-03','2017-12-18 00:54:46','2017-12-18 00:54:46'),(62,NULL,'2017-12-18 00:54:47','2017-12-18 00:54:47'),(63,NULL,'2017-12-18 00:54:47','2017-12-18 00:54:47'),(64,'2017-02-14','2017-12-18 00:54:47','2017-12-18 00:54:47'),(65,'2017-02-14','2017-12-18 00:54:48','2017-12-18 00:54:48'),(66,'2017-03-07','2017-12-18 00:54:48','2017-12-18 00:54:48'),(67,'2017-04-24','2017-12-18 00:54:49','2017-12-18 00:54:49'),(68,'2017-03-10','2017-12-18 00:54:49','2017-12-18 00:54:49'),(69,'2017-03-07','2017-12-18 00:54:50','2017-12-18 00:54:50'),(70,'2017-02-08','2017-12-18 00:54:50','2017-12-18 00:54:50'),(71,NULL,'2017-12-18 00:54:50','2017-12-18 00:54:50'),(72,NULL,'2017-12-18 00:54:51','2017-12-18 00:54:51'),(73,NULL,'2017-12-18 00:54:51','2017-12-18 00:54:51'),(74,'2017-03-20','2017-12-18 00:54:51','2017-12-18 00:54:51'),(75,'2017-03-07','2017-12-18 00:54:52','2017-12-18 00:54:52'),(76,'2017-02-08','2017-12-18 00:54:52','2017-12-18 00:54:52'),(77,NULL,'2017-12-18 00:54:53','2017-12-18 00:54:53'),(78,NULL,'2017-12-18 00:54:53','2017-12-18 00:54:53'),(79,'2017-03-14','2017-12-18 00:54:54','2017-12-18 00:54:54'),(80,'2017-03-23','2017-12-18 00:54:54','2017-12-18 00:54:54'),(81,'2017-03-31','2017-12-18 00:54:54','2017-12-18 00:54:54'),(82,'2017-03-30','2017-12-18 00:54:55','2017-12-18 00:54:55'),(83,NULL,'2017-12-18 00:54:55','2017-12-18 00:54:55'),(84,'2017-03-24','2017-12-18 00:54:56','2017-12-18 00:54:56'),(85,'2017-04-28','2017-12-18 00:54:56','2017-12-18 00:54:56');

/*Table structure for table `cashiers` */

DROP TABLE IF EXISTS `cashiers`;

CREATE TABLE `cashiers` (
  `cashier_id` int(10) unsigned NOT NULL AUTO_INCREMENT,
  `created_at` date DEFAULT NULL,
  `updated_at` timestamp NULL DEFAULT NULL,
  `cashier_date` date DEFAULT NULL,
  `po_id` int(10) unsigned NOT NULL,
  PRIMARY KEY (`cashier_id`),
  KEY `cashiers_po_id_foreign` (`po_id`),
  CONSTRAINT `cashiers_po_id_foreign` FOREIGN KEY (`po_id`) REFERENCES `costs` (`po_id`)
) ENGINE=InnoDB AUTO_INCREMENT=85 DEFAULT CHARSET=utf8mb4 COLLATE=utf8mb4_unicode_ci;

/*Data for the table `cashiers` */

insert  into `cashiers`(`cashier_id`,`created_at`,`updated_at`,`cashier_date`,`po_id`) values (1,'2017-12-17','2017-12-17 20:17:28',NULL,1),(2,'2017-12-17','2017-12-17 20:18:15',NULL,2),(3,'2017-12-17','2017-12-17 20:18:44',NULL,3),(4,'2017-12-17','2017-12-17 20:19:21',NULL,4),(5,'2017-12-17','2017-12-17 20:23:52','2017-12-23',5),(6,'2017-12-17','2017-12-17 20:27:15',NULL,6),(7,'2017-12-17','2017-12-17 20:27:40',NULL,7),(8,'2017-12-17','2017-12-17 20:52:39',NULL,8),(9,'2017-12-18','2017-12-18 00:44:46','2017-12-20',9),(10,'2017-12-18','2017-12-18 00:54:27',NULL,10),(11,'2017-12-18','2017-12-18 00:54:27',NULL,11),(12,'2017-12-18','2017-12-18 00:54:28','2017-01-24',12),(13,'2017-12-18','2017-12-18 00:54:28','2017-02-13',13),(14,'2017-12-18','2017-12-18 00:54:29','2017-03-14',14),(15,'2017-12-18','2017-12-18 00:54:29','2017-01-23',15),(16,'2017-12-18','2017-12-18 00:54:30',NULL,16),(17,'2017-12-18','2017-12-18 00:54:30','2017-03-13',17),(18,'2017-12-18','2017-12-18 00:54:31','2017-03-13',18),(19,'2017-12-18','2017-12-18 00:54:31','2017-03-07',19),(20,'2017-12-18','2017-12-18 00:54:31','2017-03-13',20),(21,'2017-12-18','2017-12-18 00:54:31','2017-05-19',21),(22,'2017-12-18','2017-12-18 00:54:32','2017-03-09',22),(23,'2017-12-18','2017-12-18 00:54:32','2017-01-20',23),(24,'2017-12-18','2017-12-18 00:54:32','2017-03-27',24),(25,'2017-12-18','2017-12-18 00:54:33','2017-01-17',25),(26,'2017-12-18','2017-12-18 00:54:33','2017-03-09',26),(27,'2017-12-18','2017-12-18 00:54:34','2017-01-20',27),(28,'2017-12-18','2017-12-18 00:54:34','2017-01-20',28),(29,'2017-12-18','2017-12-18 00:54:35','2017-03-09',29),(30,'2017-12-18','2017-12-18 00:54:35','2017-03-09',30),(31,'2017-12-18','2017-12-18 00:54:35','2017-03-23',31),(32,'2017-12-18','2017-12-18 00:54:36','2017-02-15',32),(33,'2017-12-18','2017-12-18 00:54:36',NULL,33),(34,'2017-12-18','2017-12-18 00:54:36','2017-03-31',34),(35,'2017-12-18','2017-12-18 00:54:37','2017-03-31',35),(36,'2017-12-18','2017-12-18 00:54:37',NULL,36),(37,'2017-12-18','2017-12-18 00:54:37','2017-01-24',37),(38,'2017-12-18','2017-12-18 00:54:38','2017-03-13',38),(39,'2017-12-18','2017-12-18 00:54:38','2017-03-09',39),(40,'2017-12-18','2017-12-18 00:54:38','2017-03-14',40),(41,'2017-12-18','2017-12-18 00:54:39','2017-03-31',41),(42,'2017-12-18','2017-12-18 00:54:39','2017-02-08',42),(43,'2017-12-18','2017-12-18 00:54:39','2017-03-07',43),(44,'2017-12-18','2017-12-18 00:54:40','2017-03-13',44),(45,'2017-12-18','2017-12-18 00:54:40','2017-01-23',45),(46,'2017-12-18','2017-12-18 00:54:41','2017-01-24',46),(47,'2017-12-18','2017-12-18 00:54:41',NULL,47),(48,'2017-12-18','2017-12-18 00:54:41',NULL,48),(49,'2017-12-18','2017-12-18 00:54:42',NULL,49),(50,'2017-12-18','2017-12-18 00:54:42',NULL,50),(51,'2017-12-18','2017-12-18 00:54:42','2017-03-14',51),(52,'2017-12-18','2017-12-18 00:54:43',NULL,52),(53,'2017-12-18','2017-12-18 00:54:43','2017-03-14',53),(54,'2017-12-18','2017-12-18 00:54:44','2017-03-14',54),(55,'2017-12-18','2017-12-18 00:54:44',NULL,55),(56,'2017-12-18','2017-12-18 00:54:44','2017-03-21',56),(57,'2017-12-18','2017-12-18 00:54:45','2017-03-09',57),(58,'2017-12-18','2017-12-18 00:54:45','2017-03-31',58),(59,'2017-12-18','2017-12-18 00:54:46','2017-03-09',59),(60,'2017-12-18','2017-12-18 00:54:46','2017-04-26',60),(61,'2017-12-18','2017-12-18 00:54:46','2017-02-03',61),(62,'2017-12-18','2017-12-18 00:54:47',NULL,62),(63,'2017-12-18','2017-12-18 00:54:47',NULL,63),(64,'2017-12-18','2017-12-18 00:54:48','2017-02-20',64),(65,'2017-12-18','2017-12-18 00:54:48','2017-03-13',65),(66,'2017-12-18','2017-12-18 00:54:49','2017-03-09',66),(67,'2017-12-18','2017-12-18 00:54:49','2017-04-26',67),(68,'2017-12-18','2017-12-18 00:54:49','2017-03-15',68),(69,'2017-12-18','2017-12-18 00:54:50','2017-03-09',69),(70,'2017-12-18','2017-12-18 00:54:50','2017-02-10',70),(71,'2017-12-18','2017-12-18 00:54:51',NULL,71),(72,'2017-12-18','2017-12-18 00:54:51',NULL,72),(73,'2017-12-18','2017-12-18 00:54:51',NULL,73),(74,'2017-12-18','2017-12-18 00:54:52','2017-03-22',74),(75,'2017-12-18','2017-12-18 00:54:52','2017-03-09',75),(76,'2017-12-18','2017-12-18 00:54:52','2017-02-08',76),(77,'2017-12-18','2017-12-18 00:54:53','2017-03-13',77),(78,'2017-12-18','2017-12-18 00:54:53','2017-03-13',78),(79,'2017-12-18','2017-12-18 00:54:54','2017-04-27',79),(80,'2017-12-18','2017-12-18 00:54:54','2017-03-28',80),(81,'2017-12-18','2017-12-18 00:54:55','2017-04-05',81),(82,'2017-12-18','2017-12-18 00:54:55','2017-03-31',82),(83,'2017-12-18','2017-12-18 00:54:56',NULL,83),(84,'2017-12-18','2017-12-18 00:54:56','2017-03-28',84);

/*Table structure for table `costs` */

DROP TABLE IF EXISTS `costs`;

CREATE TABLE `costs` (
  `po_id` int(10) unsigned NOT NULL AUTO_INCREMENT,
  `created_at` date DEFAULT NULL,
  `updated_at` timestamp NULL DEFAULT NULL,
  `po_no` varchar(191) COLLATE utf8mb4_unicode_ci DEFAULT NULL,
  `total_actual_cost` int(11) DEFAULT NULL,
  `total_approved_budget_cost` int(11) DEFAULT NULL,
  `accounting_id` int(11) unsigned NOT NULL,
  PRIMARY KEY (`po_id`),
  UNIQUE KEY `costs_accounting_id_foreign` (`accounting_id`,`created_at`)
) ENGINE=InnoDB AUTO_INCREMENT=86 DEFAULT CHARSET=utf8mb4 COLLATE=utf8mb4_unicode_ci;

/*Data for the table `costs` */

insert  into `costs`(`po_id`,`created_at`,`updated_at`,`po_no`,`total_actual_cost`,`total_approved_budget_cost`,`accounting_id`) values (1,'2017-12-17','2017-12-17 20:17:28',NULL,NULL,NULL,1),(2,'2017-12-17','2017-12-17 20:18:15',NULL,NULL,NULL,2),(3,'2017-12-17','2017-12-17 20:18:44',NULL,NULL,NULL,3),(4,'2017-12-17','2017-12-17 20:19:21',NULL,NULL,NULL,4),(5,'2017-12-17','2017-12-17 20:23:52','111',500,1000,5),(6,'2017-12-17','2017-12-17 20:28:56',NULL,200,NULL,6),(7,'2017-12-17','2017-12-17 20:27:40',NULL,NULL,NULL,7),(8,'2017-12-17','2017-12-17 20:52:38',NULL,NULL,NULL,8),(9,'2017-12-18','2017-12-18 00:44:45','po_1',1000,900,9),(10,'2017-12-18','2017-12-18 00:54:26',NULL,1000,900,10),(11,'2017-12-18','2017-12-18 00:54:27',NULL,1000,500,11),(12,'2017-12-18','2017-12-18 00:54:28','2017-01-002',9000,5150,12),(13,'2017-12-18','2017-12-18 00:54:28','2017-01-003',18850,14790,13),(14,'2017-12-18','2017-12-18 00:54:29','2017-01-005',12500,11000,14),(15,'2017-12-18','2017-12-18 00:54:29',NULL,900,494,15),(16,'2017-12-18','2017-12-18 00:54:30',' ',105000,NULL,16),(17,'2017-12-18','2017-12-18 00:54:30','2017-01-010',13500,11000,17),(18,'2017-12-18','2017-12-18 00:54:30',' ',48000,40320,18),(19,'2017-12-18','2017-12-18 00:54:31','2017-01-011',12000,7976,19),(20,'2017-12-18','2017-12-18 00:54:31','2017-01-009',8000,8800,20),(21,'2017-12-18','2017-12-18 00:54:31','2017-01-007',4000,3500,21),(22,'2017-12-18','2017-12-18 00:54:32','2017-02-030',66400,50320,22),(23,'2017-12-18','2017-12-18 00:54:32',NULL,600,600,23),(24,'2017-12-18','2017-12-18 00:54:32','2017-01-008',14000,6600,24),(25,'2017-12-18','2017-12-18 00:54:33','2017-01-001',27242,27242,25),(26,'2017-12-18','2017-12-18 00:54:33','2017-01-020',10800,10274,26),(27,'2017-12-18','2017-12-18 00:54:33',NULL,900,280,27),(28,'2017-12-18','2017-12-18 00:54:34',NULL,900,553,28),(29,'2017-12-18','2017-12-18 00:54:34','2017-02-030',10600,5300,29),(30,'2017-12-18','2017-12-18 00:54:35','2017-02-030',26943,10260,30),(31,'2017-12-18','2017-12-18 00:54:35','2017-02-026',11250,11250,31),(32,'2017-12-18','2017-12-18 00:54:35','Participation contract Form',96300,96000,32),(33,'2017-12-18','2017-12-18 00:54:36',NULL,24000,NULL,33),(34,'2017-12-18','2017-12-18 00:54:36','2017-01-014',20000,12500,34),(35,'2017-12-18','2017-12-18 00:54:36','2017-01-013',7500,6500,35),(36,'2017-12-18','2017-12-18 00:54:37','2017-01-018',4500,3600,36),(37,'2017-12-18','2017-12-18 00:54:37',' ',3000,2500,37),(38,'2017-12-18','2017-12-18 00:54:38','2017-01-019',23600,20520,38),(39,'2017-12-18','2017-12-18 00:54:38','2017-02-030',37364,35080,39),(40,'2017-12-18','2017-12-18 00:54:38','2017-01-015',12500,11000,40),(41,'2017-12-18','2017-12-18 00:54:39','2017-02-024',19400,9200,41),(42,'2017-12-18','2017-12-18 00:54:39',' ',11700,11340,42),(43,'2017-12-18','2017-12-18 00:54:39','2017-02-025',15000,5792,43),(44,'2017-12-18','2017-12-18 00:54:40','2017-01-016',60000,19500,44),(45,'2017-12-18','2017-12-18 00:54:40',NULL,1800,1200,45),(46,'2017-12-18','2017-12-18 00:54:41',NULL,200,30,46),(47,'2017-12-18','2017-12-18 00:54:41','2017-01-022',9000,11000,47),(48,'2017-12-18','2017-12-18 00:54:41',NULL,9000,NULL,48),(49,'2017-12-18','2017-12-18 00:54:42',NULL,600,NULL,49),(50,'2017-12-18','2017-12-18 00:54:42',NULL,700,NULL,50),(51,'2017-12-18','2017-12-18 00:54:42','2017-01-017',14000,9600,51),(52,'2017-12-18','2017-12-18 00:54:43',NULL,300,NULL,52),(53,'2017-12-18','2017-12-18 00:54:43','Justification',6000,6000,53),(54,'2017-12-18','2017-12-18 00:54:44','2017-01-021',16000,12000,54),(55,'2017-12-18','2017-12-18 00:54:44',NULL,240,NULL,55),(56,'2017-12-18','2017-12-18 00:54:44','2017-02-033',15000,13775,56),(57,'2017-12-18','2017-12-18 00:54:45','2017-02-039',3000,1800,57),(58,'2017-12-18','2017-12-18 00:54:45','2017-02-029',27000,25000,58),(59,'2017-12-18','2017-12-18 00:54:45','2017-02-36',64000,48000,59),(60,'2017-12-18','2017-12-18 00:54:46','2017-02-035',9280,9280,60),(61,'2017-12-18','2017-12-18 00:54:46','2017-02-023',23995,23995,61),(62,'2017-12-18','2017-12-18 00:54:47',NULL,NULL,NULL,62),(63,'2017-12-18','2017-12-18 00:54:47',' ',400,400,63),(64,'2017-12-18','2017-12-18 00:54:47','2017-02-027',5820,1278,64),(65,'2017-12-18','2017-12-18 00:54:48','2017-02-028',5820,2614,65),(66,'2017-12-18','2017-12-18 00:54:49','2017-02-038',5000,4725,66),(67,'2017-12-18','2017-12-18 00:54:49','2017-02-032',12000,9000,67),(68,'2017-12-18','2017-12-18 00:54:49','2017-02-047',25000,24800,68),(69,'2017-12-18','2017-12-18 00:54:50','2017-02-041',5000,3400,69),(70,'2017-12-18','2017-12-18 00:54:50',NULL,10500,10059,70),(71,'2017-12-18','2017-12-18 00:54:50','2017-02-049',100,72400,71),(72,'2017-12-18','2017-12-18 00:54:51',NULL,24000,NULL,72),(73,'2017-12-18','2017-12-18 00:54:51','2017-02-040',32000,13000,73),(74,'2017-12-18','2017-12-18 00:54:52','2017-02-034',22050,22200,74),(75,'2017-12-18','2017-12-18 00:54:52','2017-02-037',24000,21200,75),(76,'2017-12-18','2017-12-18 00:54:52',' ',1440,1440,76),(77,'2017-12-18','2017-12-18 00:54:53',' ',3000,600,77),(78,'2017-12-18','2017-12-18 00:54:53',' ',500,NULL,78),(79,'2017-12-18','2017-12-18 00:54:54','2017-02-048',3100,1800,79),(80,'2017-12-18','2017-12-18 00:54:54','2017-02-042',24400,24000,80),(81,'2017-12-18','2017-12-18 00:54:55','2017-02-046',2500,2500,81),(82,'2017-12-18','2017-12-18 00:54:55',' ',132300,132300,82),(83,'2017-12-18','2017-12-18 00:54:56',' ',3000,NULL,83),(84,'2017-12-18','2017-12-18 00:54:56','2017-02-050',35000,26250,84),(85,'2017-12-18','2017-12-18 00:54:56','2017-02-053',114000,63000,85);

/*Table structure for table `deliveries` */

DROP TABLE IF EXISTS `deliveries`;

CREATE TABLE `deliveries` (
  `delivery_id` int(10) unsigned NOT NULL AUTO_INCREMENT,
  `notice_to_proceed` date DEFAULT NULL,
  `delivery_completion` date DEFAULT NULL,
  `acceptance_turnover` date DEFAULT NULL,
  `ci_no` varchar(191) COLLATE utf8mb4_unicode_ci DEFAULT NULL,
  `number_of_days_po_to_delivery` int(11) DEFAULT NULL,
  `number_of_days_delivery_to_cashier` int(11) DEFAULT NULL,
  `pr_id` int(10) unsigned NOT NULL,
  `supplier_id` int(10) unsigned NOT NULL,
  `created_at` timestamp NOT NULL DEFAULT CURRENT_TIMESTAMP ON UPDATE CURRENT_TIMESTAMP,
  `updated_at` timestamp NOT NULL DEFAULT '0000-00-00 00:00:00',
  PRIMARY KEY (`delivery_id`),
  KEY `deliveries_pr_id_foreign` (`pr_id`),
  KEY `deliveries_supplier_id_foreign` (`supplier_id`),
  CONSTRAINT `deliveries_pr_id_foreign` FOREIGN KEY (`pr_id`) REFERENCES `particulars` (`pr_id`),
  CONSTRAINT `deliveries_supplier_id_foreign` FOREIGN KEY (`supplier_id`) REFERENCES `suppliers` (`supplier_id`)
) ENGINE=InnoDB AUTO_INCREMENT=85 DEFAULT CHARSET=utf8mb4 COLLATE=utf8mb4_unicode_ci;

/*Data for the table `deliveries` */

insert  into `deliveries`(`delivery_id`,`notice_to_proceed`,`delivery_completion`,`acceptance_turnover`,`ci_no`,`number_of_days_po_to_delivery`,`number_of_days_delivery_to_cashier`,`pr_id`,`supplier_id`,`created_at`,`updated_at`) values (1,NULL,NULL,NULL,NULL,0,0,1,1,'2017-12-17 20:17:28','2017-12-17 20:17:28'),(2,NULL,NULL,NULL,NULL,0,0,2,2,'2017-12-17 20:18:15','2017-12-17 20:18:15'),(3,NULL,NULL,NULL,NULL,0,0,3,3,'2017-12-17 20:18:44','2017-12-17 20:18:44'),(4,NULL,NULL,NULL,NULL,0,0,4,4,'2017-12-17 20:19:21','2017-12-17 20:19:21'),(5,'2017-12-19','2017-12-20','2017-12-21','33ki',2,3,5,5,'2017-12-17 20:23:52','2017-12-17 20:23:52'),(6,NULL,NULL,NULL,NULL,0,0,6,6,'2017-12-17 20:27:15','2017-12-17 20:27:15'),(7,NULL,NULL,NULL,NULL,0,0,7,7,'2017-12-17 20:27:41','2017-12-17 20:27:41'),(8,NULL,NULL,NULL,NULL,0,0,8,8,'2017-12-17 20:52:39','2017-12-17 20:52:39'),(9,'2017-12-19','2017-12-21','2017-12-21','ci_1',2,1,9,9,'2017-12-18 00:44:46','2017-12-18 00:44:46'),(10,NULL,NULL,NULL,NULL,0,0,10,10,'2017-12-18 00:54:27','2017-12-18 00:54:27'),(11,NULL,NULL,NULL,NULL,0,0,11,11,'2017-12-18 00:54:27','2017-12-18 00:54:27'),(12,'2017-01-18','2017-01-18','2017-01-19','1919-11-24',334,6,12,12,'2017-12-18 00:54:28','2017-12-18 00:54:28'),(13,'2017-01-27','2017-01-30','2017-01-31','1908-09-05',322,14,13,13,'2017-12-18 00:54:28','2017-12-18 00:54:28'),(14,'2017-01-25','2017-02-07','2017-02-07','20B',314,35,14,14,'2017-12-18 00:54:29','2017-12-18 00:54:29'),(15,NULL,'2017-01-23','2017-02-07','4686-04-20',329,0,15,15,'2017-12-18 00:54:29','2017-12-18 00:54:29'),(16,NULL,NULL,NULL,NULL,0,0,16,16,'2017-12-18 00:54:30','2017-12-18 00:54:30'),(17,'2017-01-25','2017-02-01','2017-02-01','1900-01-15',320,40,17,17,'2017-12-18 00:54:30','2017-12-18 00:54:30'),(18,NULL,'2017-01-12','2017-01-12','1905-03-02',340,60,18,18,'2017-12-18 00:54:31','2017-12-18 00:54:31'),(19,'2017-02-02','2017-02-13','2017-02-14','2098-11-12',308,22,19,19,'2017-12-18 00:54:31','2017-12-18 00:54:31'),(20,'2017-01-20','2017-01-23','2017-01-23','1900-01-08',329,49,20,20,'2017-12-18 00:54:31','2017-12-18 00:54:31'),(21,'2017-01-18','2017-01-18','2017-01-18','1900-01-04',334,121,21,21,'2017-12-18 00:54:32','2017-12-18 00:54:32'),(22,'2017-02-17','2017-02-24','2017-02-27','1910-04-23',297,13,22,22,'2017-12-18 00:54:32','2017-12-18 00:54:32'),(23,NULL,'2017-01-20','2017-01-20','1908-10-21',332,0,23,23,'2017-12-18 00:54:32','2017-12-18 00:54:32'),(24,'2017-01-19','2017-01-25','2017-01-25','1900-01-05',327,61,24,24,'2017-12-18 00:54:33','2017-12-18 00:54:33'),(25,'2017-01-18','2017-01-18','2017-01-18','1973-08-10',334,1,25,25,'2017-12-18 00:54:33','2017-12-18 00:54:33'),(26,'2017-02-02','2017-02-20','2017-02-21','0 120',301,17,26,26,'2017-12-18 00:54:33','2017-12-18 00:54:33'),(27,NULL,'2017-01-20','2017-01-20','1921-01-18',332,0,27,27,'2017-12-18 00:54:34','2017-12-18 00:54:34'),(28,NULL,'2017-01-20','2017-01-20','2054-10-28',332,0,28,28,'2017-12-18 00:54:34','2017-12-18 00:54:34'),(29,'2017-02-17','2017-02-24','2017-02-27','1910-04-23',297,13,29,29,'2017-12-18 00:54:35','2017-12-18 00:54:35'),(30,'2017-02-17','2017-02-24','2017-02-27','1910-04-23',297,13,30,30,'2017-12-18 00:54:35','2017-12-18 00:54:35'),(31,'2017-02-16','2017-03-06','2017-03-07','1902-10-28',287,17,31,31,'2017-12-18 00:54:35','2017-12-18 00:54:35'),(32,'2017-01-17','2017-02-08','2017-02-09',' 0 0007',313,7,32,32,'2017-12-18 00:54:36','2017-12-18 00:54:36'),(33,NULL,NULL,NULL,NULL,0,0,33,33,'2017-12-18 00:54:36','2017-12-18 00:54:36'),(34,'2017-01-23','2017-01-25','2017-01-25','1900-01-09',327,65,34,34,'2017-12-18 00:54:36','2017-12-18 00:54:36'),(35,'2017-01-23','2017-01-25','2017-01-25','1900-01-10',327,65,35,35,'2017-12-18 00:54:37','2017-12-18 00:54:37'),(36,'2017-02-02','2017-02-10','2017-02-10','1900-01-19',311,0,36,36,'2017-12-18 00:54:37','2017-12-18 00:54:37'),(37,'2017-01-13','2017-01-16','2017-01-16','0 92',336,8,37,37,'2017-12-18 00:54:37','2017-12-18 00:54:37'),(38,'2017-02-02','2017-02-10','2017-02-10','1900-01-22',311,31,38,38,'2017-12-18 00:54:38','2017-12-18 00:54:38'),(39,'2017-02-17','2017-02-24','2017-02-27','1910-04-23',297,13,39,39,'2017-12-18 00:54:38','2017-12-18 00:54:38'),(40,'2017-01-25','2017-01-25','2017-01-25','1900-01-11',327,48,40,40,'2017-12-18 00:54:38','2017-12-18 00:54:38'),(41,'2017-02-06','2017-02-10','2017-02-10','SOA',311,49,41,41,'2017-12-18 00:54:39','2017-12-18 00:54:39'),(42,NULL,NULL,NULL,NULL,0,313,42,42,'2017-12-18 00:54:39','2017-12-18 00:54:39'),(43,'2017-02-07','2017-02-10','2017-02-13','0 96',311,25,43,43,'2017-12-18 00:54:40','2017-12-18 00:54:40'),(44,'2017-02-01','2017-02-03','2017-02-03','1908-02-21',318,38,44,44,'2017-12-18 00:54:40','2017-12-18 00:54:40'),(45,NULL,'2017-01-19','2017-01-25','1901-02-10',333,4,45,45,'2017-12-18 00:54:40','2017-12-18 00:54:40'),(46,NULL,'2017-01-24','2017-01-24','2001-03-26',328,0,46,46,'2017-12-18 00:54:41','2017-12-18 00:54:41'),(47,'2017-02-07',NULL,NULL,NULL,0,0,47,47,'2017-12-18 00:54:41','2017-12-18 00:54:41'),(48,NULL,NULL,NULL,NULL,0,0,48,48,'2017-12-18 00:54:41','2017-12-18 00:54:41'),(49,NULL,NULL,NULL,NULL,0,0,49,49,'2017-12-18 00:54:42','2017-12-18 00:54:42'),(50,NULL,NULL,NULL,NULL,0,0,50,50,'2017-12-18 00:54:42','2017-12-18 00:54:42'),(51,'2017-02-01','2017-03-07','2017-03-08','0 00197',286,7,51,51,'2017-12-18 00:54:43','2017-12-18 00:54:43'),(52,NULL,NULL,NULL,NULL,0,0,52,52,'2017-12-18 00:54:43','2017-12-18 00:54:43'),(53,'2017-01-26','2017-01-26','2017-01-26','1900-01-12',326,47,53,53,'2017-12-18 00:54:43','2017-12-18 00:54:43'),(54,'2017-02-01','2017-02-16','2017-02-17','1900-01-16',305,26,54,54,'2017-12-18 00:54:44','2017-12-18 00:54:44'),(55,NULL,NULL,NULL,NULL,0,0,55,55,'2017-12-18 00:54:44','2017-12-18 00:54:44'),(56,'2017-02-10','2017-03-09','2017-03-13','1908-10-14',284,12,56,56,'2017-12-18 00:54:44','2017-12-18 00:54:44'),(57,'2017-02-20','2017-02-22','2017-02-23','1939-05-16',299,15,57,57,'2017-12-18 00:54:45','2017-12-18 00:54:45'),(58,'2017-02-09','2017-02-14','2017-02-15','1908-04-17',307,45,58,58,'2017-12-18 00:54:45','2017-12-18 00:54:45'),(59,'2017-02-14','2017-02-21','2017-02-23','1908-03-05',300,16,59,59,'2017-12-18 00:54:46','2017-12-18 00:54:46'),(60,'2017-03-24','2017-04-21','2017-04-21','1900-02-16',241,5,60,60,'2017-12-18 00:54:46','2017-12-18 00:54:46'),(61,'2017-03-06','2017-03-06','2017-03-06',NULL,287,31,61,61,'2017-12-18 00:54:46','2017-12-18 00:54:46'),(62,NULL,NULL,NULL,NULL,0,0,62,62,'2017-12-18 00:54:47','2017-12-18 00:54:47'),(63,NULL,'2017-01-24','2017-01-24','4759-09-13',328,0,63,63,'2017-12-18 00:54:47','2017-12-18 00:54:47'),(64,'2017-02-01','2017-02-08','2017-02-08','0 53472',313,12,64,64,'2017-12-18 00:54:48','2017-12-18 00:54:48'),(65,'2017-02-08','2017-02-08','2017-02-08','3727-02-02',313,33,65,65,'2017-12-18 00:54:48','2017-12-18 00:54:48'),(66,'2017-02-20','2017-02-22','2017-02-22','3730-07-17',299,15,66,66,'2017-12-18 00:54:49','2017-12-18 00:54:49'),(67,'2017-02-10','2017-03-09','2017-03-10','1908-10-13',284,48,67,67,'2017-12-18 00:54:49','2017-12-18 00:54:49'),(68,'2017-03-28','2017-03-08','2017-03-10','0 51',285,7,68,68,'2017-12-18 00:54:50','2017-12-18 00:54:50'),(69,'2017-02-20','2017-02-02','2017-02-27','1915-03-07',319,35,69,69,'2017-12-18 00:54:50','2017-12-18 00:54:50'),(70,NULL,'2017-01-25','2017-01-25','3003-11-15',327,16,70,70,'2017-12-18 00:54:50','2017-12-18 00:54:50'),(71,'2017-03-03',NULL,NULL,NULL,0,0,71,71,'2017-12-18 00:54:51','2017-12-18 00:54:51'),(72,NULL,NULL,NULL,NULL,0,0,72,72,'2017-12-18 00:54:51','2017-12-18 00:54:51'),(73,'2017-02-21',NULL,NULL,NULL,0,0,73,73,'2017-12-18 00:54:51','2017-12-18 00:54:51'),(74,'2017-02-13','2017-03-15','2017-03-15','3193 & 3188',278,7,74,74,'2017-12-18 00:54:52','2017-12-18 00:54:52'),(75,'2017-02-14','2017-02-16','2017-02-20','1900-01-29',305,21,75,75,'2017-12-18 00:54:52','2017-12-18 00:54:52'),(76,NULL,'2017-01-30','2017-01-30','1066 & 1060',322,9,76,76,'2017-12-18 00:54:53','2017-12-18 00:54:53'),(77,NULL,NULL,NULL,NULL,0,280,77,77,'2017-12-18 00:54:53','2017-12-18 00:54:53'),(78,NULL,NULL,NULL,NULL,0,280,78,78,'2017-12-18 00:54:54','2017-12-18 00:54:54'),(79,'2017-03-08','2017-03-09','2017-03-09','1939-07-08',284,49,79,79,'2017-12-18 00:54:54','2017-12-18 00:54:54'),(80,'2017-02-21','2017-03-08','2017-03-09','1908-03-14',285,20,80,80,'2017-12-18 00:54:54','2017-12-18 00:54:54'),(81,'2017-03-02','2017-03-30','2017-03-30','0 760',263,6,81,81,'2017-12-18 00:54:55','2017-12-18 00:54:55'),(82,'2017-02-15','2017-03-28','2017-03-28','soa',265,3,82,82,'2017-12-18 00:54:55','2017-12-18 00:54:55'),(83,NULL,NULL,NULL,NULL,0,0,83,83,'2017-12-18 00:54:56','2017-12-18 00:54:56'),(84,'2017-02-02','2017-03-23','2017-03-24','1908-05-19',270,5,84,84,'2017-12-18 00:54:56','2017-12-18 00:54:56');

/*Table structure for table `migrations` */

DROP TABLE IF EXISTS `migrations`;

CREATE TABLE `migrations` (
  `id` int(10) unsigned NOT NULL AUTO_INCREMENT,
  `migration` varchar(191) COLLATE utf8mb4_unicode_ci NOT NULL,
  `batch` int(11) NOT NULL,
  PRIMARY KEY (`id`)
) ENGINE=InnoDB DEFAULT CHARSET=utf8mb4 COLLATE=utf8mb4_unicode_ci;

/*Data for the table `migrations` */

/*Table structure for table `notification` */

DROP TABLE IF EXISTS `notification`;

CREATE TABLE `notification` (
  `notification_status` int(11) DEFAULT NULL,
  `id` int(11) NOT NULL AUTO_INCREMENT,
  PRIMARY KEY (`id`)
) ENGINE=InnoDB DEFAULT CHARSET=latin1;

/*Data for the table `notification` */

/*Table structure for table `particulars` */

DROP TABLE IF EXISTS `particulars`;

CREATE TABLE `particulars` (
  `pr_id` int(10) unsigned NOT NULL AUTO_INCREMENT,
  `created_at` timestamp NULL DEFAULT NULL,
  `updated_at` timestamp NULL DEFAULT NULL,
  `pr_no` varchar(191) COLLATE utf8mb4_unicode_ci NOT NULL,
  `date_required` date DEFAULT NULL,
  `requesting_division` varchar(191) COLLATE utf8mb4_unicode_ci DEFAULT NULL,
  `particulars_details` text COLLATE utf8mb4_unicode_ci NOT NULL,
  `po_id` int(10) unsigned NOT NULL,
  `user_id` int(10) unsigned NOT NULL,
  `status` int(10) DEFAULT NULL,
  PRIMARY KEY (`pr_id`),
  KEY `particulars_po_id_foreign` (`po_id`),
  KEY `particulars_user_id_foreign` (`user_id`),
  CONSTRAINT `particulars_po_id_foreign` FOREIGN KEY (`po_id`) REFERENCES `costs` (`po_id`),
  CONSTRAINT `particulars_user_id_foreign` FOREIGN KEY (`user_id`) REFERENCES `users` (`id`)
) ENGINE=InnoDB AUTO_INCREMENT=86 DEFAULT CHARSET=utf8mb4 COLLATE=utf8mb4_unicode_ci;

/*Data for the table `particulars` */

insert  into `particulars`(`pr_id`,`created_at`,`updated_at`,`pr_no`,`date_required`,`requesting_division`,`particulars_details`,`po_id`,`user_id`,`status`) values (1,'2017-12-17 20:17:28','2017-12-17 20:17:28','test','2017-12-19','test','test',1,1,1),(2,'2017-12-17 20:18:15','2017-12-17 20:18:15','test1','2017-12-18','test2','test2',2,1,1),(3,'2017-12-17 20:18:44','2017-12-17 20:18:44','test2','2017-12-20','test2','test2',3,1,0),(4,'2017-12-17 20:19:21','2017-12-17 20:19:21','test3','2017-12-21','test3','test3',4,1,0),(5,'2017-12-17 20:23:52','2017-12-17 20:23:52','3','2017-12-21','davao city','wielding rod',5,1,1),(6,'2017-12-17 20:27:15','2017-12-17 20:27:15','abc_123','2017-12-17','123','bcd',6,1,0),(7,'2017-12-17 20:27:40','2017-12-17 20:27:40','bcd','2017-12-16','bcd','bcd',7,1,0),(8,'2017-12-17 20:52:39','2017-12-17 20:52:39','tested','2017-12-19','tested','tested',8,2,1),(9,'2017-12-18 00:44:46','2017-12-18 00:44:46','pr-1','2017-12-19','CPSD-RO','Tarpaulin for the conduct of Seminar on Product Standards on January 10, 2017',9,4,0),(10,'2017-12-18 00:54:26','2017-12-18 00:54:26','2017-03-121','2017-01-04','CPSD-RO','Sliding door glass for wooden cabinet for IDSD Office Supply',10,4,0),(11,'2017-12-18 00:54:27','2017-12-18 00:54:27','2017-03-122','2017-01-04','CPSD-RO','Supply of labor and materials for repair of SFW-934 ',11,4,0),(12,'2017-12-18 00:54:28','2017-12-18 00:54:28','2017-03-123','2017-01-06','MSSU-RO','Steel cabinet for IDSD office supplies',12,4,0),(13,'2017-12-18 00:54:28','2017-12-18 00:54:28','2017-03-124','2017-01-06','MSSU-RO','Toners 83AF for Laserjet Pro for CPSD use',13,4,0),(14,'2017-12-18 00:54:29','2017-12-18 00:54:29','2017-03-125','2017-01-09','SMEDS-RO','Packed lunch for tree planting activity at Tamugan River',14,4,0),(15,'2017-12-18 00:54:29','2017-12-18 00:54:29','2017-03-126','2017-01-10','MSSU-RO','Printer for IDSD office supply',15,4,0),(16,'2017-12-18 00:54:30','2017-12-18 00:54:30','2017-03-127','2017-01-10','IDSD-RO','Rubber stamp for MSSU and ORD use',16,4,0),(17,'2017-12-18 00:54:30','2017-12-18 00:54:30','2017-03-128','2017-01-11','SMEDS-RO','Food & Venue for the conduct og Value Transformation on April 12, 2017',17,4,0),(18,'2017-12-18 00:54:30','2017-12-18 00:54:30','2017-03-128','2017-01-11','IDSD-RO','Honorarium for the conduct og Value Transformation on April 12, 2017',18,4,0),(19,'2017-12-18 00:54:31','2017-12-18 00:54:31','2017-03-129','2017-01-11','MSSU-RO','wall clock ',19,4,0),(20,'2017-12-18 00:54:31','2017-12-18 00:54:31','2017-03-130','2017-01-12','IDSD-RO','Special paper (Board, Cover, Cannon) Folder (red,long,PB,col,steve-Cent,MRN',20,4,0),(21,'2017-12-18 00:54:31','2017-12-18 00:54:31','2017-03-131','2017-01-12','AFMSD-RO','Termostant Relay for coffee ,maker',21,4,0),(22,'2017-12-18 00:54:32','2017-12-18 00:54:32','2017-03-132','2017-01-12','CPSD-RO','Toners',22,4,0),(23,'2017-12-18 00:54:32','2017-12-18 00:54:32','2017-03-133','2017-01-12','AFMSD-RO','Transfer Location of Condenser  for Aircondiotning Unit ',23,4,0),(24,'2017-12-18 00:54:32','2017-12-18 00:54:32','2017-03-134','2017-01-13','AFMSD-RO','Personal Computer for CPSD use',24,4,0),(25,'2017-12-18 00:54:33','2017-12-18 00:54:33','2017-03-135','2017-01-13','MSSU-RO','Camera for IDSD use',25,4,0),(26,'2017-12-18 00:54:33','2017-12-18 00:54:33','2017-03-136','2017-01-16','AFMSD-RO','Hotel Accommodation for Acceleration of Greeen Economic Development Training of Training for DTIn Staff and MSME Counselors and MSMEs on April 19-20, 2017',26,4,0),(27,'2017-12-18 00:54:34','2017-12-18 00:54:34','2017-03-136','2017-01-16',NULL,'Food and Venue for Acceleration of Greeen Economic Development Training of Training for DTIn Staff and MSME Counselors and MSMEs on April 19-20, 2017',27,4,0),(28,'2017-12-18 00:54:34','2017-12-18 00:54:34','2017-03-136','2017-01-16','AFMSD-RO','Food and Venue for Acceleration of Greeen Economic Development Training of Training for DTIn Staff and MSME Counselors and MSMEs on April 19-20, 2017',28,4,0),(29,'2017-12-18 00:54:35','2017-12-18 00:54:35','2017-03-136','2017-01-16','SMEDS-RO','Supplies for Acceleration of Greeen Economic Development Training of Training for DTIn Staff and MSME Counselors and MSMEs on April 19-20, 2017',29,4,0),(30,'2017-12-18 00:54:35','2017-12-18 00:54:35','2017-03-136','2017-01-16','MSSU-RO','Tokens for Acceleration of Greeen Economic Development Training of Training for DTIn Staff and MSME Counselors and MSMEs on April 19-20, 2017',30,4,0),(31,'2017-12-18 00:54:35','2017-12-18 00:54:35','2017-03-137','2017-01-17','IDSD-RO','Acrylic seals printing for Awarding of Bagwis Seals to business establishments',31,4,0),(32,'2017-12-18 00:54:36','2017-12-18 00:54:36','2017-03-138','2017-01-18','SMEDS-RO','Supply of labor and Materials for repair of Door Glass of Main Conference Room',32,4,0),(33,'2017-12-18 00:54:36','2017-12-18 00:54:36','2017-03-139','2017-01-18','MSSU-RO','Wooden cabinet for IDSD Office Supplies',33,4,0),(34,'2017-12-18 00:54:36','2017-12-18 00:54:36','2017-03-139','2017-01-18','SMEDS-RO','Paper Cutter  for IDSD Office Supplies',34,4,0),(35,'2017-12-18 00:54:37','2017-12-18 00:54:37','2017-03-140','2017-01-18','SMEDS-RO','Food and venue for the conduct of CMCI Exit Conference for Davao City on April 11, 2017',35,4,0),(36,'2017-12-18 00:54:37','2017-12-18 00:54:37','2017-03-141','2017-01-18','SMEDS-RO','Toner for photocopier for the 4th floor',36,4,0),(37,'2017-12-18 00:54:37','2017-12-18 00:54:37','2017-03-142','2016-01-19','AFMSD-RO','Repair of Toshiba Copier Model E-2505H',37,4,0),(38,'2017-12-18 00:54:38','2017-12-18 00:54:38','2017-03-143','2017-01-19','SMEDS-RO','Toner 05A and 49A',38,4,0),(39,'2017-12-18 00:54:38','2017-12-18 00:54:38','2017-03-143','2017-01-19','IDSD-RO','Toner 05A and 49A',39,4,0),(40,'2017-12-18 00:54:38','2017-12-18 00:54:38','2017-04-144','2017-01-19','SMEDS-RO','Supply of Labor and Materials for Installation of Accessories for SKN 331',40,4,0),(41,'2017-12-18 00:54:39','2017-12-18 00:54:39','2017-04-145','2017-01-20','SMEDS-RO','Tubeless tire vulcate for Mercedes Benz Van',41,4,0),(42,'2017-12-18 00:54:39','2017-12-18 00:54:39','2017-04-146','2017-01-23','SMEDS-RO','Toner for SMEDSD use',42,4,0),(43,'2017-12-18 00:54:39','2017-12-18 00:54:39','2017-04-147','2017-01-23','SMEDS-RO','Resource Person for QMS transition to ISO 9001:2015',43,4,0),(44,'2017-12-18 00:54:40','2017-12-18 00:54:40','2017-04-148','2017-01-23','CPSD-RO','Provision of food, venue and overnight Accommodation for the conduct of the DTI-XI First Quarter Performance Assessment on April 25-26',44,4,0),(45,'2017-12-18 00:54:40','2017-12-18 00:54:40','2017-04-149','2017-01-23','MSSU-RO','Catering services (AM & PM Snacks and Buffet Lunch) for the conduct of the DTI-XI Planning Officers\' Conference on April 18, 2017',45,4,0),(46,'2017-12-18 00:54:41','2017-12-18 00:54:41','2017-04-150','2017-01-24','AFMSD-RO','Catering Services for the conduct of 2017 Internal Quality Audit Activities',46,4,0),(47,'2017-12-18 00:54:41','2017-12-18 00:54:41','2017-04-151','2016-01-25','MSSU-RO','Food and venue for the conduct of the DTI-XI First Quarter Performance Assessment on April 24, 2017',47,4,0),(48,'2017-12-18 00:54:41','2017-12-18 00:54:41','2017-04-152','2016-01-25','AFMSD-RO','Rental of short stem wired Conference system for 2nd Floor Conference Room',48,4,0),(49,'2017-12-18 00:54:42','2017-12-18 00:54:42','2017-04-153','2017-01-25','SMEDS-RO','Car Rental for the month of April to December 2017 for various activities',49,4,0),(50,'2017-12-18 00:54:42','2017-12-18 00:54:42','2017-04-154','2017-01-25','SMEDS-RO','Venue, meals and accommodation for the regional quarterly meeting and monitoring for SME Development Programs, Activities and Projects on June 8-9',50,4,0),(51,'2017-12-18 00:54:42','2017-12-18 00:54:42','2017-04-154','2017-01-26','IDSD-RO','Van Rental for the regional quarterly meeting and monitoring for SME Development Programs, Activities and Projects',51,4,0),(52,'2017-12-18 00:54:43','2017-12-18 00:54:43','2017-04-155','2017-01-26','IDSD-RO','Food and Venue, Accommodation for the Screening, Assessment and Triage Phase 1 for OTOP Next Gen Project',52,4,0),(53,'2017-12-18 00:54:43','2017-12-18 00:54:43','2017-04-155','2017-01-26','MSSU-RO','Token for Phase 1 for OTOP Next Gen Project',53,4,0),(54,'2017-12-18 00:54:44','2017-12-18 00:54:44','2017-04-156','2017-01-27','AFMSD-RO','Conceptualization, installation and set-up for Reg. XI MSMEs participation to PHILFFEX at SMX MOA from march 9-11, 2017',54,4,0),(55,'2017-12-18 00:54:44','2017-12-18 00:54:44','2017-04-157','2017-01-31','AFMSD-RO','Exhibit raw space for the participation to Manila FAME on April 21-23, 2017 at WTC',55,4,0),(56,'2017-12-18 00:54:44','2017-12-18 00:54:44','2017-04-158','2017-01-31','SMEDS-RO','Food, venue and accommodation for the QMS transition training-Strategic Approach on Risk Based Thinking ',56,4,0),(57,'2017-12-18 00:54:45','2017-12-18 00:54:45','2017-04-159','2017-01-31','SMEDS-RO','Fax machine check up and repair',57,4,0),(58,'2017-12-18 00:54:45','2017-12-18 00:54:45','2017-04-160','2017-01-31','AFMSD-RO','Food and venue for the hosting of the Davao-GenSan-Bitung Roll on Roll off Shipping Service',58,4,0),(59,'2017-12-18 00:54:46','2017-12-18 00:54:46','2017-04-161','2017-02-02','MSSU-RO','Van rental for KMME Fo\'s Business Presentation and graduaion. May 24, 25, 31, 2017 & June 01, 02, 2017 & August 1, 2017.',59,4,0),(60,'2017-12-18 00:54:46','2017-12-18 00:54:46','2017-04-162','2017-02-02','MSSU-RO','Food and venue for the hosting of the Davao-GenSan-Bitung Roll on Roll off Shipping Service',60,4,0),(61,'2017-12-18 00:54:46','2017-12-18 00:54:46','2017-04-163','2017-02-02','MSSU-RO','Toner for the month of May and June 2017',61,4,0),(62,'2017-12-18 00:54:47','2017-12-18 00:54:47','2017-04-163','2017-02-02','AFMSD-RO','Toner for the month of May and June 2017',62,4,0),(63,'2017-12-18 00:54:47','2017-12-18 00:54:47','2017-04-163','2017-02-02','IDSD-RO','Toner for the month of May and June 2017',63,4,0),(64,'2017-12-18 00:54:48','2017-12-18 00:54:48','2017-04-164','2017-02-02','AFMSD-RO','Checkbook for the RO Disbursement',64,4,0),(65,'2017-12-18 00:54:48','2017-12-18 00:54:48','2017-04-165','2017-02-02','AFMSD-RO','Meals to provide logistics during the conduct of RSPB Review of Hiring Guidelines, Interview of applicants and deliberations',65,4,0),(66,'2017-12-18 00:54:49','2017-12-18 00:54:49','2017-04-166','2017-02-03','AFMSD-RO','Van Rental for the OTOP Next Generation-SAT Session on April 26 & 28, 2017',66,4,0),(67,'2017-12-18 00:54:49','2017-12-18 00:54:49','2017-04-167','2017-02-03','AFMSD-RO','Flight bookings for the OTOP Next Generation-SAT Session on April 26 & 28, 2017',67,4,0),(68,'2017-12-18 00:54:49','2017-12-18 00:54:49','2017-04-168','2017-02-06','AFMSD-RO','External HDD for IDSD Office Supply',68,4,0),(69,'2017-12-18 00:54:50','2017-12-18 00:54:50','2017-04-169','2017-02-06','AFMSD-RO','CPU for the replace of defective CPU of DC How',69,4,0),(70,'2017-12-18 00:54:50','2017-12-18 00:54:50','2017-04-170','2017-02-06','AFMSD-RO','Van Rental - 3 days (April 29-May 1, 2017) for Launching of the Davao/GenSan Bitung RoRo',70,4,0),(71,'2017-12-18 00:54:51','2017-12-18 00:54:51','2017-04-171','2017-02-06','MSSU-RO','Supply of Labor & Materials - Replace Motor Starter Assy for Mercedes Benz SHF-231',71,4,0),(72,'2017-12-18 00:54:51','2017-12-18 00:54:51','2017-04-172','2017-02-07','MSSU-RO','Supply of Labor & Materials for Repair of Windo Type Aircon w/ PN 002-768 - replace bearing of fan motor',72,4,0),(73,'2017-12-18 00:54:51','2017-12-18 00:54:51','2017-04-173','2017-02-07','IDSD-RO','Meals - am & pm snacks and lunch on June 16, 2017 for Quarterly Monitoring for SME Development Programs @ DTI-XI Conference Room',73,4,0),(74,'2017-12-18 00:54:52','2017-12-18 00:54:52','2017-04-174','2017-02-08','MSSU-RO','Purchase of Network Connectors (1 box), Thermal paste (I pc), Adapter (1pc) and wire organizer (1pc)',74,4,0),(75,'2017-12-18 00:54:52','2017-12-18 00:54:52','2017-04-174','2017-02-08','MSSU-RO','Purchase of Network Connectors (1 box), Thermal paste (I pc), Adapter (1pc) and wire organizer (1pc)',75,4,0),(76,'2017-12-18 00:54:52','2017-12-18 00:54:52','2017-04-175','2017-02-08','CPSD-RO','Hotel Accommodation of S/Lopez and Ms Uy on March 17, 2017',76,4,0),(77,'2017-12-18 00:54:53','2017-12-18 00:54:53','2017-04-176','2017-02-09','AFMSD-RO','Personal Computer (branded) for CLIC Room/KM use',77,4,0),(78,'2017-12-18 00:54:53','2017-12-18 00:54:53','2017-04-177','2017-02-09','AFMSD-RO','Catering - AM snacks and lunch on May 2, 2017',78,4,0),(79,'2017-12-18 00:54:54','2017-12-18 00:54:54','2017-04-178','2017-02-10','IDSD-RO','Battery for Ford Everest',79,4,0),(80,'2017-12-18 00:54:54','2017-12-18 00:54:54','2017-04-179','2017-02-10','IDSD-RO','Switch for CLIC Room',80,4,0),(81,'2017-12-18 00:54:55','2017-12-18 00:54:55','2017-05-180','2017-02-10','MSSU-RO','Meals for DTI-XI Management Committee Meeting with Secretary Ramon M. Lopez.',81,4,0),(82,'2017-12-18 00:54:55','2017-12-18 00:54:55','2017-05-181','2017-02-10','SMEDS-RO','Battery for Toyota Grandia Hi Ace Van SKN-331',82,4,0),(83,'2017-12-18 00:54:56','2017-12-18 00:54:56','2017-05-182','2017-02-10','SMEDS-RO','Tarpaulin printing for the DTI-XI\'s compliance to the ARTA requirement',83,4,0),(84,'2017-12-18 00:54:56','2017-12-18 00:54:56','2017-05-183','2017-02-10','SMEDS-RO','Booth rental and cell card for Philippine Halal Trade and Tourism Expo, May 05 - 07, 2017',84,4,0),(85,'2017-12-18 00:54:56','2017-12-18 00:54:56','2017-05-184','2017-02-10','SMEDS-RO','Meals and cellcard for the DTI-CARP Performance Assessment and Project Visit on July',85,4,0);

/*Table structure for table `password_resets` */

DROP TABLE IF EXISTS `password_resets`;

CREATE TABLE `password_resets` (
  `email` varchar(191) COLLATE utf8mb4_unicode_ci NOT NULL,
  `token` varchar(191) COLLATE utf8mb4_unicode_ci NOT NULL,
  `created_at` timestamp NULL DEFAULT NULL,
  KEY `password_resets_email_index` (`email`)
) ENGINE=InnoDB DEFAULT CHARSET=utf8mb4 COLLATE=utf8mb4_unicode_ci;

/*Data for the table `password_resets` */

/*Table structure for table `remarks` */

DROP TABLE IF EXISTS `remarks`;

CREATE TABLE `remarks` (
  `remarks_id` int(10) unsigned NOT NULL AUTO_INCREMENT,
  `remarks_details` text COLLATE utf8mb4_unicode_ci,
  `pr_id` int(10) unsigned NOT NULL,
  `created_at` timestamp NULL DEFAULT CURRENT_TIMESTAMP ON UPDATE CURRENT_TIMESTAMP,
  `updated_at` timestamp NULL DEFAULT '0000-00-00 00:00:00',
  PRIMARY KEY (`remarks_id`),
  KEY `remarks_pr_id_foreign` (`pr_id`),
  CONSTRAINT `remarks_pr_id_foreign` FOREIGN KEY (`pr_id`) REFERENCES `particulars` (`pr_id`)
) ENGINE=InnoDB AUTO_INCREMENT=85 DEFAULT CHARSET=utf8mb4 COLLATE=utf8mb4_unicode_ci;

/*Data for the table `remarks` */

insert  into `remarks`(`remarks_id`,`remarks_details`,`pr_id`,`created_at`,`updated_at`) values (1,'Cancelled',1,'2017-12-18 04:30:42','2017-12-17 20:30:42'),(2,'Cancelled',2,'2017-12-18 05:32:09','2017-12-17 21:32:09'),(3,'Undelivered',3,'2017-12-17 20:18:44','2017-12-17 20:18:44'),(4,'Undelivered',4,'2017-12-17 20:19:21','2017-12-17 20:19:21'),(5,'Payable',5,'2017-12-17 20:23:52','2017-12-17 20:23:52'),(6,'Petty Cash',6,'2017-12-18 04:28:57','2017-12-17 20:28:57'),(7,'Undelivered',7,'2017-12-17 20:27:41','2017-12-17 20:27:41'),(8,'Cancelled',8,'2017-12-18 04:53:01','2017-12-17 20:53:01'),(9,'Payable',9,'2017-12-18 00:44:47','2017-12-18 00:44:47'),(10,'Undelivered',10,'2017-12-18 00:54:27','2017-12-18 00:54:27'),(11,'Undelivered',11,'2017-12-18 00:54:27','2017-12-18 00:54:27'),(12,'Payable',12,'2017-12-18 00:54:28','2017-12-18 00:54:28'),(13,'Payable',13,'2017-12-18 00:54:29','2017-12-18 00:54:29'),(14,'Payable',14,'2017-12-18 00:54:29','2017-12-18 00:54:29'),(15,'ambot',15,'2017-12-18 00:54:30','2017-12-18 00:54:30'),(16,'Undelivered',16,'2017-12-18 00:54:30','2017-12-18 00:54:30'),(17,'Payable',17,'2017-12-18 00:54:30','2017-12-18 00:54:30'),(18,'ambot',18,'2017-12-18 00:54:31','2017-12-18 00:54:31'),(19,'Payable',19,'2017-12-18 00:54:31','2017-12-18 00:54:31'),(20,'Payable',20,'2017-12-18 00:54:31','2017-12-18 00:54:31'),(21,'Payable',21,'2017-12-18 00:54:32','2017-12-18 00:54:32'),(22,'Payable',22,'2017-12-18 00:54:32','2017-12-18 00:54:32'),(23,'ambot',23,'2017-12-18 00:54:32','2017-12-18 00:54:32'),(24,'Payable',24,'2017-12-18 00:54:33','2017-12-18 00:54:33'),(25,'Payable',25,'2017-12-18 00:54:33','2017-12-18 00:54:33'),(26,'Payable',26,'2017-12-18 00:54:33','2017-12-18 00:54:33'),(27,'ambot',27,'2017-12-18 00:54:34','2017-12-18 00:54:34'),(28,'ambot',28,'2017-12-18 00:54:34','2017-12-18 00:54:34'),(29,'Payable',29,'2017-12-18 00:54:35','2017-12-18 00:54:35'),(30,'Payable',30,'2017-12-18 00:54:35','2017-12-18 00:54:35'),(31,'Payable',31,'2017-12-18 00:54:35','2017-12-18 00:54:35'),(32,'Payable',32,'2017-12-18 00:54:36','2017-12-18 00:54:36'),(33,'Undelivered',33,'2017-12-18 00:54:36','2017-12-18 00:54:36'),(34,'Payable',34,'2017-12-18 00:54:36','2017-12-18 00:54:36'),(35,'Payable',35,'2017-12-18 00:54:37','2017-12-18 00:54:37'),(36,'ambot',36,'2017-12-18 00:54:37','2017-12-18 00:54:37'),(37,'Payable',37,'2017-12-18 00:54:37','2017-12-18 00:54:37'),(38,'Payable',38,'2017-12-18 00:54:38','2017-12-18 00:54:38'),(39,'Payable',39,'2017-12-18 00:54:38','2017-12-18 00:54:38'),(40,'Payable',40,'2017-12-18 00:54:39','2017-12-18 00:54:39'),(41,'Payable',41,'2017-12-18 00:54:39','2017-12-18 00:54:39'),(42,'Undelivered',42,'2017-12-18 00:54:39','2017-12-18 00:54:39'),(43,'Payable',43,'2017-12-18 00:54:40','2017-12-18 00:54:40'),(44,'Payable',44,'2017-12-18 00:54:40','2017-12-18 00:54:40'),(45,'ambot',45,'2017-12-18 00:54:40','2017-12-18 00:54:40'),(46,'ambot',46,'2017-12-18 00:54:41','2017-12-18 00:54:41'),(47,'Undelivered',47,'2017-12-18 00:54:41','2017-12-18 00:54:41'),(48,'Undelivered',48,'2017-12-18 00:54:42','2017-12-18 00:54:42'),(49,'Undelivered',49,'2017-12-18 00:54:42','2017-12-18 00:54:42'),(50,'Undelivered',50,'2017-12-18 00:54:42','2017-12-18 00:54:42'),(51,'Payable',51,'2017-12-18 00:54:43','2017-12-18 00:54:43'),(52,'Undelivered',52,'2017-12-18 00:54:43','2017-12-18 00:54:43'),(53,'Payable',53,'2017-12-18 00:54:43','2017-12-18 00:54:43'),(54,'Payable',54,'2017-12-18 00:54:44','2017-12-18 00:54:44'),(55,'Undelivered',55,'2017-12-18 00:54:44','2017-12-18 00:54:44'),(56,'Payable',56,'2017-12-18 00:54:44','2017-12-18 00:54:44'),(57,'Payable',57,'2017-12-18 00:54:45','2017-12-18 00:54:45'),(58,'Payable',58,'2017-12-18 00:54:45','2017-12-18 00:54:45'),(59,'Payable',59,'2017-12-18 00:54:46','2017-12-18 00:54:46'),(60,'Payable',60,'2017-12-18 00:54:46','2017-12-18 00:54:46'),(61,'ambot',61,'2017-12-18 00:54:47','2017-12-18 00:54:47'),(62,'Undelivered',62,'2017-12-18 00:54:47','2017-12-18 00:54:47'),(63,'ambot',63,'2017-12-18 00:54:47','2017-12-18 00:54:47'),(64,'Payable',64,'2017-12-18 00:54:48','2017-12-18 00:54:48'),(65,'Payable',65,'2017-12-18 00:54:48','2017-12-18 00:54:48'),(66,'Payable',66,'2017-12-18 00:54:49','2017-12-18 00:54:49'),(67,'Payable',67,'2017-12-18 00:54:49','2017-12-18 00:54:49'),(68,'Payable',68,'2017-12-18 00:54:50','2017-12-18 00:54:50'),(69,'Payable',69,'2017-12-18 00:54:50','2017-12-18 00:54:50'),(70,'ambot',70,'2017-12-18 00:54:50','2017-12-18 00:54:50'),(71,'Undelivered',71,'2017-12-18 00:54:51','2017-12-18 00:54:51'),(72,'Undelivered',72,'2017-12-18 00:54:51','2017-12-18 00:54:51'),(73,'Undelivered',73,'2017-12-18 00:54:51','2017-12-18 00:54:51'),(74,'Payable',74,'2017-12-18 00:54:52','2017-12-18 00:54:52'),(75,'Payable',75,'2017-12-18 00:54:52','2017-12-18 00:54:52'),(76,'ambot',76,'2017-12-18 00:54:53','2017-12-18 00:54:53'),(77,'Undelivered',77,'2017-12-18 00:54:53','2017-12-18 00:54:53'),(78,'Undelivered',78,'2017-12-18 00:54:54','2017-12-18 00:54:54'),(79,'Payable',79,'2017-12-18 00:54:54','2017-12-18 00:54:54'),(80,'Payable',80,'2017-12-18 00:54:54','2017-12-18 00:54:54'),(81,'Payable',81,'2017-12-18 00:54:55','2017-12-18 00:54:55'),(82,'Payable',82,'2017-12-18 00:54:55','2017-12-18 00:54:55'),(83,'Undelivered',83,'2017-12-18 00:54:56','2017-12-18 00:54:56'),(84,'Payable',84,'2017-12-18 00:54:56','2017-12-18 00:54:56');

/*Table structure for table `suppliers` */

DROP TABLE IF EXISTS `suppliers`;

CREATE TABLE `suppliers` (
  `supplier_id` int(10) unsigned NOT NULL AUTO_INCREMENT,
  `supplier_name` varchar(191) COLLATE utf8mb4_unicode_ci DEFAULT NULL,
  `created_at` timestamp NULL DEFAULT NULL,
  `updated_at` timestamp NULL DEFAULT NULL,
  PRIMARY KEY (`supplier_id`)
) ENGINE=InnoDB AUTO_INCREMENT=86 DEFAULT CHARSET=utf8mb4 COLLATE=utf8mb4_unicode_ci;

/*Data for the table `suppliers` */

insert  into `suppliers`(`supplier_id`,`supplier_name`,`created_at`,`updated_at`) values (1,NULL,'2017-12-17 20:17:28','2017-12-17 20:17:28'),(2,NULL,'2017-12-17 20:18:15','2017-12-17 20:18:15'),(3,NULL,'2017-12-17 20:18:44','2017-12-17 20:18:44'),(4,NULL,'2017-12-17 20:19:21','2017-12-17 20:19:21'),(5,'central warehouse','2017-12-17 20:23:52','2017-12-17 20:23:52'),(6,NULL,'2017-12-17 20:27:15','2017-12-17 20:27:15'),(7,NULL,'2017-12-17 20:27:40','2017-12-17 20:27:40'),(8,NULL,'2017-12-17 20:52:38','2017-12-17 20:52:38'),(9,'Aldwin','2017-12-18 00:44:45','2017-12-18 00:44:45'),(10,'Aldwin','2017-12-18 00:54:26','2017-12-18 00:54:26'),(11,'Prince eduaational Supplies','2017-12-18 00:54:27','2017-12-18 00:54:27'),(12,'RAPID FIX SERVICE CENTER','2017-12-18 00:54:28','2017-12-18 00:54:28'),(13,'ALTERNATIVE CATERING SERVICES','2017-12-18 00:54:28','2017-12-18 00:54:28'),(14,'DAMPCO','2017-12-18 00:54:29','2017-12-18 00:54:29'),(15,'GH OFFICE DEPOT','2017-12-18 00:54:29','2017-12-18 00:54:29'),(16,NULL,'2017-12-18 00:54:30','2017-12-18 00:54:30'),(17,'DAMPCO','2017-12-18 00:54:30','2017-12-18 00:54:30'),(18,'GREAT GIFTS & SOUVENIRS INTERNATIONAL CORP','2017-12-18 00:54:30','2017-12-18 00:54:30'),(19,'DIGITAL INTERFACE','2017-12-18 00:54:31','2017-12-18 00:54:31'),(20,'DAMPCO','2017-12-18 00:54:31','2017-12-18 00:54:31'),(21,'DAMPCO','2017-12-18 00:54:31','2017-12-18 00:54:31'),(22,'NEEDINK SALES AND SERVICES','2017-12-18 00:54:32','2017-12-18 00:54:32'),(23,'S. HERRERA BROS.., INC','2017-12-18 00:54:32','2017-12-18 00:54:32'),(24,'DAMPCO','2017-12-18 00:54:32','2017-12-18 00:54:32'),(25,'MILLENIUM CARS MINDANAO, INC','2017-12-18 00:54:33','2017-12-18 00:54:33'),(26,'SOUTHERN PARADISE INTERIORS','2017-12-18 00:54:33','2017-12-18 00:54:33'),(27,'LUI ENTERPRISES,INC','2017-12-18 00:54:33','2017-12-18 00:54:33'),(28,'GH OFFICE DEPOT','2017-12-18 00:54:34','2017-12-18 00:54:34'),(29,'NEEDINK SALES AND SERVICES','2017-12-18 00:54:34','2017-12-18 00:54:34'),(30,'NEEDINK SALES AND SERVICES','2017-12-18 00:54:35','2017-12-18 00:54:35'),(31,'TREAD N FOLD ENTERPRISE','2017-12-18 00:54:35','2017-12-18 00:54:35'),(32,'NAITAS DAVAO, INC','2017-12-18 00:54:35','2017-12-18 00:54:35'),(33,NULL,'2017-12-18 00:54:36','2017-12-18 00:54:36'),(34,'DAMPCO','2017-12-18 00:54:36','2017-12-18 00:54:36'),(35,'DAMPCO','2017-12-18 00:54:36','2017-12-18 00:54:36'),(36,'DAMPCO','2017-12-18 00:54:37','2017-12-18 00:54:37'),(37,'ATUEL RENT CAR','2017-12-18 00:54:37','2017-12-18 00:54:37'),(38,'DAMPCO','2017-12-18 00:54:38','2017-12-18 00:54:38'),(39,'NEEDINK SALES AND SERVICES','2017-12-18 00:54:38','2017-12-18 00:54:38'),(40,'DAMPCO','2017-12-18 00:54:38','2017-12-18 00:54:38'),(41,'DAVAO EXCEL VENTURES CORP','2017-12-18 00:54:39','2017-12-18 00:54:39'),(42,NULL,'2017-12-18 00:54:39','2017-12-18 00:54:39'),(43,'ATUEL RENT CAR','2017-12-18 00:54:39','2017-12-18 00:54:39'),(44,'THE PINNACLE HOTEL AND SUITES','2017-12-18 00:54:40','2017-12-18 00:54:40'),(45,'ALVIC,S BATIK HAUS ATBP.','2017-12-18 00:54:40','2017-12-18 00:54:40'),(46,'BANHOC ELECTRICAL SUPPLY','2017-12-18 00:54:41','2017-12-18 00:54:41'),(47,'DAMPCO','2017-12-18 00:54:41','2017-12-18 00:54:41'),(48,NULL,'2017-12-18 00:54:41','2017-12-18 00:54:41'),(49,NULL,'2017-12-18 00:54:42','2017-12-18 00:54:42'),(50,NULL,'2017-12-18 00:54:42','2017-12-18 00:54:42'),(51,'ANC GRAND PACIFIC CORP','2017-12-18 00:54:42','2017-12-18 00:54:42'),(52,NULL,'2017-12-18 00:54:43','2017-12-18 00:54:43'),(53,'DAMPCO','2017-12-18 00:54:43','2017-12-18 00:54:43'),(54,'DAMPCO','2017-12-18 00:54:44','2017-12-18 00:54:44'),(55,NULL,'2017-12-18 00:54:44','2017-12-18 00:54:44'),(56,'ALTERNATIVE CATERING SERVICES','2017-12-18 00:54:44','2017-12-18 00:54:44'),(57,'NXTGEN TECHNOLOGIES','2017-12-18 00:54:45','2017-12-18 00:54:45'),(58,'GRAND MEN SENG HOTEL','2017-12-18 00:54:45','2017-12-18 00:54:45'),(59,'THE PINNACLE HOTEL AND SUITES','2017-12-18 00:54:45','2017-12-18 00:54:45'),(60,'DAMPCO','2017-12-18 00:54:46','2017-12-18 00:54:46'),(61,'TOYOTA DAVAO, INC','2017-12-18 00:54:46','2017-12-18 00:54:46'),(62,NULL,'2017-12-18 00:54:47','2017-12-18 00:54:47'),(63,'7-ELEVEN','2017-12-18 00:54:47','2017-12-18 00:54:47'),(64,'STARBRIGHT OFFICE DEPOT, INC','2017-12-18 00:54:47','2017-12-18 00:54:47'),(65,'GH OFFICE DEPOT','2017-12-18 00:54:48','2017-12-18 00:54:48'),(66,'GH OFFICE DEPOT','2017-12-18 00:54:49','2017-12-18 00:54:49'),(67,'ALTERNATIVE CATERING SERVICES','2017-12-18 00:54:49','2017-12-18 00:54:49'),(68,'CHINMARIE TECHNICAL AND ENGINEERING SERVICES','2017-12-18 00:54:49','2017-12-18 00:54:49'),(69,'PROGRESS HOME & OFFICE FURNISHINGS','2017-12-18 00:54:50','2017-12-18 00:54:50'),(70,'THE MARCO POLO DAVAO ','2017-12-18 00:54:50','2017-12-18 00:54:50'),(71,'MIDTOWN PRINTING PRESS','2017-12-18 00:54:50','2017-12-18 00:54:50'),(72,NULL,'2017-12-18 00:54:51','2017-12-18 00:54:51'),(73,'THE PINNACLE HOTEL AND SUITES','2017-12-18 00:54:51','2017-12-18 00:54:51'),(74,'ALTERNATIVE CATERING SERVICES','2017-12-18 00:54:52','2017-12-18 00:54:52'),(75,'DAMPCO','2017-12-18 00:54:52','2017-12-18 00:54:52'),(76,'Lani T. Catalan','2017-12-18 00:54:52','2017-12-18 00:54:52'),(77,'Herrera Bros. inc','2017-12-18 00:54:53','2017-12-18 00:54:53'),(78,NULL,'2017-12-18 00:54:53','2017-12-18 00:54:53'),(79,'NXTGEN TECHNOLOGIES','2017-12-18 00:54:54','2017-12-18 00:54:54'),(80,' THE PINNACLE HOTEL & SUITED','2017-12-18 00:54:54','2017-12-18 00:54:54'),(81,'SOUTHERN BANAWE CAR ACCESSORIES','2017-12-18 00:54:55','2017-12-18 00:54:55'),(82,'MTE','2017-12-18 00:54:55','2017-12-18 00:54:55'),(83,NULL,'2017-12-18 00:54:55','2017-12-18 00:54:55'),(84,' THE PINNACLE HOTEL & SUITED','2017-12-18 00:54:56','2017-12-18 00:54:56'),(85,'BIG 8 CORPORATE HOTEL','2017-12-18 00:54:56','2017-12-18 00:54:56');

/*Table structure for table `users` */

DROP TABLE IF EXISTS `users`;

CREATE TABLE `users` (
  `id` int(10) unsigned NOT NULL AUTO_INCREMENT,
  `name` varchar(191) COLLATE utf8mb4_unicode_ci NOT NULL,
  `email` varchar(191) COLLATE utf8mb4_unicode_ci NOT NULL,
  `password` varchar(191) COLLATE utf8mb4_unicode_ci NOT NULL,
  `remember_token` varchar(100) COLLATE utf8mb4_unicode_ci DEFAULT NULL,
  `created_at` timestamp NULL DEFAULT NULL,
  `updated_at` timestamp NULL DEFAULT NULL,
  PRIMARY KEY (`id`),
  UNIQUE KEY `users_email_unique` (`email`)
) ENGINE=InnoDB AUTO_INCREMENT=5 DEFAULT CHARSET=utf8mb4 COLLATE=utf8mb4_unicode_ci;

/*Data for the table `users` */

insert  into `users`(`id`,`name`,`email`,`password`,`remember_token`,`created_at`,`updated_at`) values (1,'Raquel Galleros','raquel.galleros.dvo@gmail.com','$2y$10$kkVaO0oKe/HxpVm95cEgD.iKUY2NLdDp1dC7x6niG/Kl5ItEhgyGu','DMUOa0xfEY3cNUMtztIAIbwtR0bS8MJAvhZINwPniRlsnvq1PmwYiuP9xYya','2017-12-17 20:16:56','2017-12-17 20:16:56'),(2,'Dan Accion','dan@gmail.com','$2y$10$x0Vee.xrx/eIo0ug3.lBqO8HW9b0SSbCQErQO1XXUqnmzaS0meA.S','Wr65etm0Z6XcBYAbFtNI2RHKRvJErBqRKcN9YMrK8AodiQDqoad3Zz7Rl3OO','2017-12-17 20:52:09','2017-12-17 20:52:09'),(3,'harvey','harvey@gmail.com','$2y$10$uK/xi/dJjf4uAZ7reCEm5ecB4ua8axJ5tkL2mqzYb86Ec4c0jMrFO','tu7pbv7U2iumpdUy8Am6s5cJw3za3tomOVujizVQNmgg3zhlMHpn0s9VeGZh','2017-12-18 00:32:05','2017-12-18 00:32:05'),(4,'dan','acciondan@gmail.com','$2y$10$pfeqp7t8dbWrgFSE.77/BOED4nURZ/xSREISltKMDY2DmrQwy0/Xu','LzklvMWtXSI9wlovwaTVqmxVYNDYwo7zjXe9IngDsFJLOj7KGXrEy1mFm9pt','2017-12-18 00:34:39','2017-12-18 00:34:39');

/*Table structure for table `cur_date` */

DROP TABLE IF EXISTS `cur_date`;

/*!50001 DROP VIEW IF EXISTS `cur_date` */;
/*!50001 DROP TABLE IF EXISTS `cur_date` */;

/*!50001 CREATE TABLE  `cur_date`(
 `before_date` date ,
 `second_date` date ,
 `third_date` date ,
 `final` date ,
 `current` date ,
 `particulars_details` text ,
 `pr_id` int(10) unsigned ,
 `state` int(10) ,
 `date_required` date 
)*/;

/*Table structure for table `procurement_view` */

DROP TABLE IF EXISTS `procurement_view`;

/*!50001 DROP VIEW IF EXISTS `procurement_view` */;
/*!50001 DROP TABLE IF EXISTS `procurement_view` */;

/*!50001 CREATE TABLE  `procurement_view`(
 `pr_no` varchar(191) ,
 `particulars_details` text ,
 `date_required` date ,
 `requesting_division` varchar(191) ,
 `po_no` varchar(191) ,
 `total_actual_cost` int(11) ,
 `total_approved_budget_cost` int(11) ,
 `supplier_name` varchar(191) ,
 `notice_to_proceed` date ,
 `delivery_completion` date ,
 `acceptance_turnover` date ,
 `ci_no` varchar(191) ,
 `number_of_days_po_to_delivery` int(11) ,
 `number_of_days_delivery_to_cashier` int(11) ,
 `accounting_date` date ,
 `cashier_date` date ,
 `remarks_details` text ,
 `name` varchar(191) ,
 `pr_id` int(10) unsigned 
)*/;

/*View structure for view cur_date */

/*!50001 DROP TABLE IF EXISTS `cur_date` */;
/*!50001 DROP VIEW IF EXISTS `cur_date` */;

/*!50001 CREATE ALGORITHM=UNDEFINED DEFINER=`root`@`localhost` SQL SECURITY DEFINER VIEW `cur_date` AS select (`particulars`.`date_required` - interval 3 day) AS `before_date`,(`particulars`.`date_required` - interval 2 day) AS `second_date`,(`particulars`.`date_required` - interval 1 day) AS `third_date`,`particulars`.`date_required` AS `final`,curdate() AS `current`,`particulars`.`particulars_details` AS `particulars_details`,`particulars`.`pr_id` AS `pr_id`,`particulars`.`status` AS `state`,`particulars`.`date_required` AS `date_required` from `particulars` where (`particulars`.`status` = 0) */;

/*View structure for view procurement_view */

/*!50001 DROP TABLE IF EXISTS `procurement_view` */;
/*!50001 DROP VIEW IF EXISTS `procurement_view` */;

/*!50001 CREATE ALGORITHM=UNDEFINED DEFINER=`root`@`localhost` SQL SECURITY DEFINER VIEW `procurement_view` AS select `particulars`.`pr_no` AS `pr_no`,`particulars`.`particulars_details` AS `particulars_details`,`particulars`.`date_required` AS `date_required`,`particulars`.`requesting_division` AS `requesting_division`,`costs`.`po_no` AS `po_no`,`costs`.`total_actual_cost` AS `total_actual_cost`,`costs`.`total_approved_budget_cost` AS `total_approved_budget_cost`,`suppliers`.`supplier_name` AS `supplier_name`,`deliveries`.`notice_to_proceed` AS `notice_to_proceed`,`deliveries`.`delivery_completion` AS `delivery_completion`,`deliveries`.`acceptance_turnover` AS `acceptance_turnover`,`deliveries`.`ci_no` AS `ci_no`,`deliveries`.`number_of_days_po_to_delivery` AS `number_of_days_po_to_delivery`,`deliveries`.`number_of_days_delivery_to_cashier` AS `number_of_days_delivery_to_cashier`,`accountings`.`accounting_date` AS `accounting_date`,`cashiers`.`cashier_date` AS `cashier_date`,`remarks`.`remarks_details` AS `remarks_details`,`users`.`name` AS `name`,`particulars`.`pr_id` AS `pr_id` from (((((((`cashiers` join `particulars`) join `costs`) join `accountings`) join `remarks`) join `deliveries`) join `suppliers`) join `users`) where ((`cashiers`.`po_id` = `costs`.`po_id`) and (`particulars`.`po_id` = `costs`.`po_id`) and (`costs`.`accounting_id` = `accountings`.`accounting_id`) and (`remarks`.`pr_id` = `particulars`.`pr_id`) and (`deliveries`.`pr_id` = `particulars`.`pr_id`) and (`particulars`.`user_id` = `users`.`id`) and (`suppliers`.`supplier_id` = `deliveries`.`supplier_id`)) */;

/*!40101 SET SQL_MODE=@OLD_SQL_MODE */;
/*!40014 SET FOREIGN_KEY_CHECKS=@OLD_FOREIGN_KEY_CHECKS */;
/*!40014 SET UNIQUE_CHECKS=@OLD_UNIQUE_CHECKS */;
/*!40111 SET SQL_NOTES=@OLD_SQL_NOTES */;
